name,lon_lat,coor_type,category
مقناص حباري,"[[41.317863, 30.008297]]",POINT,أسماء ثانوية
مقناص حباري,"[[41.295633, 30.132408]]",POINT,أسماء ثانوية
مقور صفية,"[[41.371872, 30.029926]]",POINT,أسماء ثانوية
منتزه الجوبه,"[[40.222642, 30.043359]]",POINT,أسماء ثانوية
مويسن,"[[39.990449, 29.845476]]",POINT,أسماء ثانوية
ناب السندله,"[[38.869007, 30.742772]]",POINT,أسماء ثانوية
ناصفة صوير,"[[40.361044, 30.152149]]",POINT,أسماء ثانوية
نخله القلته,"[[38.353679, 30.742664]]",POINT,أسماء ثانوية
نعجة,"[[38.45468, 29.317124]]",POINT,أسماء ثانوية
نقرة رباح,"[[37.912209, 31.635904]]",POINT,أسماء ثانوية
نهيدات الخادم,"[[38.700886, 29.556484]]",POINT,أسماء ثانوية
نويصلات جعلة,"[[38.420863, 29.572406]]",POINT,أسماء ثانوية
هذيليل العفر,"[[41.006792, 29.880602]]",POINT,أسماء ثانوية
مسيعيد,"[[41.661208, 30.010529]]",POINT,أسماء ثانوية
مشاش حصيدة,"[[37.216702, 31.403646]]",POINT,أسماء ثانوية
مشاش شيبة,"[[39.788554, 29.862299]]",POINT,أسماء ثانوية
مصمد الامغر,"[[40.539722, 30.165367]]",POINT,أسماء ثانوية
مصمد الحجاجية,"[[41.295075, 29.872899]]",POINT,أسماء ثانوية
مصمد الدروجية,"[[40.634651, 30.239031]]",POINT,أسماء ثانوية
مصمد العوج,"[[40.987587, 29.700508]]",POINT,أسماء ثانوية
مصمد القصورية,"[[40.98896, 29.761448]]",POINT,أسماء ثانوية
مصمد خرناء,"[[41.098137, 29.611073]]",POINT,أسماء ثانوية
مغيرا,"[[38.833322, 30.666661]]",POINT,أسماء ثانوية
قور السمر,"[[40.156703, 29.866848]]",POINT,أسماء ثانوية
قور العصل,"[[40.904267, 30.064859]]",POINT,أسماء ثانوية
قور ام طليحة,"[[40.946174, 30.102432]]",POINT,أسماء ثانوية
قور عقاب,"[[40.928278, 30.473113]]",POINT,أسماء ثانوية
قويرات ام الحمام,"[[41.43573, 29.894314]]",POINT,أسماء ثانوية
لغف الحصان,"[[39.644959, 29.183464]]",POINT,أسماء ثانوية
لغف المكيحيل,"[[39.447677, 28.700087]]",POINT,أسماء ثانوية
مجلس ام لقف,"[[41.342583, 29.747543]]",POINT,أسماء ثانوية
محفر خشمان,"[[39.844129, 28.739955]]",POINT,أسماء ثانوية
محمية عذفاء,"[[41.535273, 29.170675]]",POINT,أسماء ثانوية
محير ابو دويد,"[[38.635311, 30.380631]]",POINT,أسماء ثانوية
محير الباردة,"[[39.153621, 29.245477]]",POINT,أسماء ثانوية
محير الفج,"[[41.065607, 30.155325]]",POINT,أسماء ثانوية
محير فروان,"[[39.11813, 30.026901]]",POINT,أسماء ثانوية
محير كلاخ,"[[39.276574, 29.260025]]",POINT,أسماء ثانوية
محير الغينة,"[[37.659159, 30.00849]]",POINT,أسماء ثانوية
محير الكواكبة,"[[37.612445, 29.970574]]",POINT,أسماء ثانوية
مذبح الكلاب,"[[37.859037, 31.263785]]",POINT,أسماء ثانوية
مرقاب الرشرشيه,"[[37.304378, 31.472912]]",POINT,أسماء ثانوية
قصر عتيق,"[[41.425924, 29.938431]]",POINT,أسماء ثانوية
قصور البويتات,"[[41.194868, 30.024605]]",POINT,أسماء ثانوية
قصيمة ابن نصار,"[[38.688633, 30.468028]]",POINT,أسماء ثانوية
قصيمة ابو سليليات,"[[38.601279, 30.612395]]",POINT,أسماء ثانوية
قصيمة العير,"[[38.601215, 30.247464]]",POINT,أسماء ثانوية
قعر ابوصفا,"[[39.858162, 28.950691]]",POINT,أسماء ثانوية
قارة ابو صفاة,"[[41.475985, 30.098805]]",POINT,أسماء ثانوية
قارة الافعى,"[[41.71483, 29.954159]]",POINT,أسماء ثانوية
قارة الجواري,"[[41.758153, 29.979436]]",POINT,أسماء ثانوية
قارة الرجال,"[[41.779246, 30.022931]]",POINT,أسماء ثانوية
قارة الصنع,"[[41.369469, 30.058465]]",POINT,أسماء ثانوية
قارة الودعه,"[[40.273175, 30.279114]]",POINT,أسماء ثانوية
قارة ام صفية,"[[41.372194, 29.997976]]",POINT,أسماء ثانوية
قارة رحية,"[[40.813651, 29.959524]]",POINT,أسماء ثانوية
قارة شبيلي,"[[41.496413, 29.964395]]",POINT,أسماء ثانوية
قارة شغار,"[[38.780537, 30.066147]]",POINT,أسماء ثانوية
قارة شهباء الطوير,"[[40.137434, 29.904077]]",POINT,أسماء ثانوية
قارة عمرة,"[[41.582866, 29.978192]]",POINT,أسماء ثانوية
قارة كبد,"[[41.045287, 29.976046]]",POINT,أسماء ثانوية
قارة مطروحة,"[[40.705268, 30.02115]]",POINT,أسماء ثانوية
قارة نومان,"[[41.023378, 30.079558]]",POINT,أسماء ثانوية
قارت دويفنه,"[[40.120397, 29.857664]]",POINT,أسماء ثانوية
قاع ابو سليليات,"[[38.565788, 30.65855]]",POINT,أسماء ثانوية
قاع الامحاص,"[[39.810441, 30.551562]]",POINT,أسماء ثانوية
قاع التربة,"[[38.967476, 30.777855]]",POINT,أسماء ثانوية
قاع الحصاة,"[[37.760181, 30.871475]]",POINT,أسماء ثانوية
قاع الحقنه,"[[40.066345, 29.846227]]",POINT,أسماء ثانوية
قاع الرديفة,"[[39.57284, 30.201094]]",POINT,أسماء ثانوية
قاع الرشيدة,"[[38.596859, 30.423203]]",POINT,أسماء ثانوية
قاع الرغلية,"[[39.579406, 29.961219]]",POINT,أسماء ثانوية
قاع الريتين,"[[39.660709, 30.083528]]",POINT,أسماء ثانوية
قاع الشيب,"[[39.533036, 30.246949]]",POINT,أسماء ثانوية
قاع الطوسية,"[[39.836683, 30.699363]]",POINT,أسماء ثانوية
قاع الفريدة,"[[40.269012, 30.319519]]",POINT,أسماء ثانوية
قاع الفسقانات,"[[40.389991, 30.359194]]",POINT,أسماء ثانوية
قاع القطب,"[[39.377575, 30.12228]]",POINT,أسماء ثانوية
قاع المكمن,"[[38.536091, 30.945053]]",POINT,أسماء ثانوية
قاع ام اخبر,"[[38.467147, 30.659559]]",POINT,أسماء ثانوية
قاع ام اذان,"[[40.206699, 30.130177]]",POINT,أسماء ثانوية
قاع ام الشفلح,"[[39.668734, 30.42316]]",POINT,أسماء ثانوية
قاع ام شفلح,"[[38.440475, 30.698547]]",POINT,أسماء ثانوية
قاع ام طرفاء,"[[39.637663, 30.153158]]",POINT,أسماء ثانوية
قاع ام كهف,"[[39.764478, 29.780631]]",POINT,أسماء ثانوية
قاع بوهان,"[[37.616844, 31.457977]]",POINT,أسماء ثانوية
قاع ثنيات الريلان,"[[38.220234, 29.602661]]",POINT,أسماء ثانوية
قاع جعلة,"[[38.449745, 29.423618]]",POINT,أسماء ثانوية
قاع قصيمة الارنب,"[[38.636856, 29.742393]]",POINT,أسماء ثانوية
قاع ودي موت,"[[39.345732, 30.629454]]",POINT,أسماء ثانوية
قبر قريفان,"[[38.86699, 30.846155]]",POINT,أسماء ثانوية
قرو مشروع الجبيلي,"[[41.60677, 29.175289]]",POINT,أسماء ثانوية
قرية ام نسوق,"[[40.70029, 29.949675]]",POINT,أسماء ثانوية
قصايم الارنب,"[[38.637865, 29.800308]]",POINT,أسماء ثانوية
قصايم الدم,"[[38.75159, 29.799685]]",POINT,أسماء ثانوية
قصايم القطر,"[[38.860209, 29.847772]]",POINT,أسماء ثانوية
طلعة العوجاء,"[[40.082824, 30.394235]]",POINT,أسماء ثانوية
طلعة ريشان,"[[39.757354, 29.972291]]",POINT,أسماء ثانوية
طلعت الوايت,"[[37.658343, 29.931929]]",POINT,أسماء ثانوية
طويرف الغضاة,"[[39.574578, 28.951271]]",POINT,أسماء ثانوية
ظهرة الحنظليات,"[[40.166788, 30.736313]]",POINT,أسماء ثانوية
ظهرة الطوير,"[[40.058599, 29.897468]]",POINT,أسماء ثانوية
ظهرة خوعاء,"[[40.398102, 29.746299]]",POINT,أسماء ثانوية
ظهرة زلوم,"[[40.311134, 30.335226]]",POINT,أسماء ثانوية
ظهرة شويحط,"[[40.172281, 30.444124]]",POINT,أسماء ثانوية
ظهرة قارا,"[[40.279527, 29.770331]]",POINT,أسماء ثانوية
ظهير حمار,"[[39.798017, 30.030742]]",POINT,أسماء ثانوية
عايلة ام ضمران,"[[39.01773, 30.273664]]",POINT,أسماء ثانوية
عثة ابا القور,"[[40.796249, 30.323231]]",POINT,أسماء ثانوية
عرفجاء,"[[38.717773, 30.031106]]",POINT,أسماء ثانوية
عرق الحقنه,"[[40.052483, 29.82655]]",POINT,أسماء ثانوية
عريفج,"[[38.687475, 29.959095]]",POINT,أسماء ثانوية
عش الغراب,"[[37.530992, 31.491752]]",POINT,أسماء ثانوية
عشة القرية,"[[41.104188, 30.339174]]",POINT,أسماء ثانوية
عقلة القليب,"[[41.401827, 30.117753]]",POINT,أسماء ثانوية
عقيلات الصلبة,"[[41.857138, 30.085802]]",POINT,أسماء ثانوية
عقيلات عرفة,"[[41.4026, 29.982011]]",POINT,أسماء ثانوية
عين الشايب,"[[37.525864, 31.289406]]",POINT,أسماء ثانوية
عين الناقة,"[[37.978878, 30.828667]]",POINT,أسماء ثانوية
عين حظوظاء,"[[38.221092, 30.827637]]",POINT,أسماء ثانوية
غرائس,"[[39.297946, 30.206072]]",POINT,أسماء ثانوية
غرايس أم طعيس,"[[39.181752, 30.349324]]",POINT,أسماء ثانوية
غريسة أم نخله,"[[39.04659, 30.266218]]",POINT,أسماء ثانوية
غريسة ام غدران,"[[38.931491, 30.127108]]",POINT,أسماء ثانوية
غريسة ام غدران,"[[39.174886, 30.178735]]",POINT,أسماء ثانوية
غضيا الرشيده,"[[38.86905, 30.565295]]",POINT,أسماء ثانوية
غضيا الملح,"[[38.924432, 30.588491]]",POINT,أسماء ثانوية
غنمة,"[[40.21584, 30.324712]]",POINT,أسماء ثانوية
غويطة جراد,"[[39.337771, 29.617188]]",POINT,أسماء ثانوية
فاج الحداد,"[[41.211219, 30.313447]]",POINT,أسماء ثانوية
فاج الصليبي,"[[41.638205, 30.387776]]",POINT,أسماء ثانوية
فاج الطريفاوي,"[[41.30559, 30.226929]]",POINT,أسماء ثانوية
فاج القليب,"[[41.526883, 30.199828]]",POINT,أسماء ثانوية
فاج المشاش,"[[41.402686, 30.398548]]",POINT,أسماء ثانوية
فج البويتات,"[[41.20019, 29.992332]]",POINT,أسماء ثانوية
فرائد شويحط,"[[40.01976, 30.586495]]",POINT,أسماء ثانوية
فرش الكروان,"[[40.869398, 29.640255]]",POINT,أسماء ثانوية
فرشة الرشيده,"[[38.890722, 30.571346]]",POINT,أسماء ثانوية
فرشة بن ضبيعان,"[[38.945417, 30.716078]]",POINT,أسماء ثانوية
فلوق الراشد,"[[40.112994, 29.13836]]",POINT,أسماء ثانوية
طبقة كبد,"[[41.008873, 29.916093]]",POINT,أسماء ثانوية
سمنان,"[[38.84182, 29.668171]]",POINT,أسماء ثانوية
سمينين الرمل,"[[38.865638, 29.602919]]",POINT,أسماء ثانوية
سهلة ظلما,"[[39.103668, 30.147407]]",POINT,أسماء ثانوية
شاظي ام نسوق,"[[40.637999, 29.959888]]",POINT,أسماء ثانوية
شبه التوم,"[[40.93523, 29.101582]]",POINT,أسماء ثانوية
شجرة معارك,"[[39.088004, 30.361769]]",POINT,أسماء ثانوية
شداد المسماء,"[[38.24873, 31.013567]]",POINT,أسماء ثانوية
شطنة معارك,"[[39.021614, 30.315742]]",POINT,أسماء ثانوية
شعفة الارطاوية,"[[41.034579, 29.381111]]",POINT,أسماء ثانوية
شعفة سعد,"[[40.904846, 29.602919]]",POINT,أسماء ثانوية
شفلحية الحنظلية,"[[40.195971, 30.694942]]",POINT,أسماء ثانوية
شهبا التربه,"[[38.93029, 30.821178]]",POINT,أسماء ثانوية
شهبا معارك,"[[38.994448, 30.300422]]",POINT,أسماء ثانوية
شويحط,"[[39.640367, 30.677025]]",POINT,أسماء ثانوية
شويحط,"[[40.130332, 30.503776]]",POINT,أسماء ثانوية
صبخة الدروز,"[[37.470932, 31.317515]]",POINT,أسماء ثانوية
صحراء الجورعة,"[[38.889949, 30.474915]]",POINT,أسماء ثانوية
صخرة الرقبان,"[[37.459559, 31.449115]]",POINT,أسماء ثانوية
صليب الطرفاء,"[[40.833349, 29.916673]]",POINT,أسماء ثانوية
صوانة الحوي,"[[38.184228, 29.185245]]",POINT,أسماء ثانوية
ضاحك,"[[37.187262, 31.461389]]",POINT,أسماء ثانوية
خر السحامي,"[[41.280291, 29.679544]]",POINT,أسماء ثانوية
خر شخير,"[[41.007993, 29.567535]]",POINT,أسماء ثانوية
خر شخير,"[[41.070864, 29.61957]]",POINT,أسماء ثانوية
خر عنيزة,"[[41.244414, 29.737115]]",POINT,أسماء ثانوية
خر مسعود,"[[41.385005, 29.29101]]",POINT,أسماء ثانوية
خر مسعود,"[[41.550121, 29.340963]]",POINT,أسماء ثانوية
خريان القرية,"[[41.735859, 30.175903]]",POINT,أسماء ثانوية
خش الثور,"[[41.114166, 30.058379]]",POINT,أسماء ثانوية
خشة الثوير,"[[41.058419, 30.08076]]",POINT,أسماء ثانوية
خشم الأضارع,"[[39.53546, 29.827838]]",POINT,أسماء ثانوية
خشم الصنع,"[[41.294947, 30.046341]]",POINT,أسماء ثانوية
خشم العقاب,"[[39.374785, 29.617574]]",POINT,أسماء ثانوية
خشم المخروق,"[[40.631733, 30.053101]]",POINT,أسماء ثانوية
خشم الهلالي,"[[41.047883, 30.687025]]",POINT,أسماء ثانوية
خشم زلوم,"[[40.34435, 30.301752]]",POINT,أسماء ثانوية
خشم كبد,"[[41.049621, 30.035698]]",POINT,أسماء ثانوية
خشم نخرير,"[[41.315246, 30.183392]]",POINT,أسماء ثانوية
خط السلطاني,"[[40.850258, 29.690723]]",POINT,أسماء ثانوية
خفس القرية,"[[41.537697, 29.837301]]",POINT,أسماء ثانوية
خفس النجم,"[[37.850454, 30.18822]]",POINT,أسماء ثانوية
خل ابو قاع,"[[38.620141, 29.22183]]",POINT,أسماء ثانوية
خناصر البويتات,"[[41.236238, 29.990208]]",POINT,أسماء ثانوية
خويمات حدرج,"[[37.763121, 30.246027]]",POINT,أسماء ثانوية
خيل النصلة,"[[39.546769, 30.432429]]",POINT,أسماء ثانوية
دحل ابو تينة,"[[41.610138, 30.024755]]",POINT,أسماء ثانوية
دحل ذريع,"[[41.476071, 29.903026]]",POINT,أسماء ثانوية
دحل ذهيبة,"[[41.610482, 30.011022]]",POINT,أسماء ثانوية
دحل زعال,"[[41.526732, 29.841893]]",POINT,أسماء ثانوية
دحل عبيد,"[[41.52596, 29.858222]]",POINT,أسماء ثانوية
دحل مسيعيد,"[[41.576643, 30.043337]]",POINT,أسماء ثانوية
دحول ابو مقام,"[[41.541538, 29.855089]]",POINT,أسماء ثانوية
دويخلة الحنظليات,"[[40.378425, 30.590959]]",POINT,أسماء ثانوية
دويخلة الحنظليات,"[[40.492859, 30.680523]]",POINT,أسماء ثانوية
دويخلة الهلباء,"[[41.436653, 29.522839]]",POINT,أسماء ثانوية
ذبه,"[[38.267355, 30.967412]]",POINT,أسماء ثانوية
ذخر,"[[40.801399, 30.108333]]",POINT,أسماء ثانوية
راس شويحط,"[[39.36661, 30.844953]]",POINT,أسماء ثانوية
رجلة الشيخ,"[[39.569042, 29.824383]]",POINT,أسماء ثانوية
رجم الحوصاء,"[[41.316319, 29.563694]]",POINT,أسماء ثانوية
رجم الخدام,"[[40.950508, 29.68111]]",POINT,أسماء ثانوية
رجم الخفي,"[[41.352024, 29.281654]]",POINT,أسماء ثانوية
رجم الداب,"[[37.814898, 31.582131]]",POINT,أسماء ثانوية
رجم الشبلي,"[[41.480427, 29.989843]]",POINT,أسماء ثانوية
رجم الطير,"[[39.73242, 30.197425]]",POINT,أسماء ثانوية
رجم الظهرة,"[[40.256395, 29.751148]]",POINT,أسماء ثانوية
رجم العرفجي,"[[41.543598, 29.252987]]",POINT,أسماء ثانوية
رجم المجدورة,"[[40.761681, 29.793549]]",POINT,أسماء ثانوية
رجم المريكاني,"[[39.741454, 30.506094]]",POINT,أسماء ثانوية
رجم المسائر,"[[40.94656, 30.732279]]",POINT,أسماء ثانوية
رجم ام اذان,"[[40.866673, 29.849961]]",POINT,أسماء ثانوية
رجم رشمة,"[[41.270485, 29.393578]]",POINT,أسماء ثانوية
رجم شعفة ام الحمام,"[[40.894718, 29.617681]]",POINT,أسماء ثانوية
رجم عبيدالله,"[[41.403351, 29.261913]]",POINT,أسماء ثانوية
رجم غريسة,"[[39.120812, 30.25624]]",POINT,أسماء ثانوية
رجم قعيد,"[[41.385498, 29.623604]]",POINT,أسماء ثانوية
رجم لوي,"[[41.176329, 30.015678]]",POINT,أسماء ثانوية
رجم مجول,"[[40.79773, 29.756126]]",POINT,أسماء ثانوية
رجوم الضيرين,"[[40.550108, 29.733725]]",POINT,أسماء ثانوية
رجوم الكلاب,"[[40.631583, 29.833975]]",POINT,أسماء ثانوية
رجوم الكلب,"[[40.871458, 29.746342]]",POINT,أسماء ثانوية
رجوم صامد,"[[39.217265, 30.307696]]",POINT,أسماء ثانوية
رجوم ضويرين,"[[40.568476, 29.6842]]",POINT,أسماء ثانوية
رديفة العزبة,"[[41.216412, 30.070481]]",POINT,أسماء ثانوية
رضمة عبوان,"[[39.845481, 28.794565]]",POINT,أسماء ثانوية
رضوى,"[[37.655833, 31.376674]]",POINT,أسماء ثانوية
ريش الغينة,"[[37.805371, 30.018682]]",POINT,أسماء ثانوية
ريضان الزبيدي,"[[41.016684, 30.0949]]",POINT,أسماء ثانوية
ريع الثنية,"[[38.083141, 29.69347]]",POINT,أسماء ثانوية
ريع الخيل,"[[37.6524, 29.912767]]",POINT,أسماء ثانوية
ريع المعي,"[[39.320691, 29.47046]]",POINT,أسماء ثانوية
ريع ام رقيبة,"[[39.673176, 29.360855]]",POINT,أسماء ثانوية
سبتيا,"[[41.35123, 30.033381]]",POINT,أسماء ثانوية
سبخة اثرة,"[[37.613583, 31.380215]]",POINT,أسماء ثانوية
سبخة الجوف,"[[39.896293, 29.812045]]",POINT,أسماء ثانوية
سبخة حظوظاء,"[[38.151054, 30.736763]]",POINT,أسماء ثانوية
سبخة شغار,"[[38.79163, 30.100436]]",POINT,أسماء ثانوية
الرجم الأسود,"[[40.278196, 30.627737]]",POINT,أسماء ثانوية
الرجم الابيض,"[[38.843322, 30.85197]]",POINT,أسماء ثانوية
الرحى,"[[39.21557, 30.759423]]",POINT,أسماء ثانوية
الردمه ام قبور,"[[39.162526, 30.283513]]",POINT,أسماء ثانوية
الردهه,"[[39.581637, 29.383922]]",POINT,أسماء ثانوية
الرسلانية,"[[37.503891, 31.143064]]",POINT,أسماء ثانوية
الرشيدة,"[[38.782854, 30.512853]]",POINT,أسماء ثانوية
الرمانتان,"[[39.533336, 29.949996]]",POINT,أسماء ثانوية
الريتين,"[[39.695857, 30.073078]]",POINT,أسماء ثانوية
الزينه,"[[39.730296, 29.265518]]",POINT,أسماء ثانوية
الساقي,"[[40.735674, 29.951477]]",POINT,أسماء ثانوية
الساقي,"[[41.149378, 30.204163]]",POINT,أسماء ثانوية
السبخانية,"[[39.800827, 30.115564]]",POINT,أسماء ثانوية
السرحان,"[[38.249996, 30.750003]]",POINT,أسماء ثانوية
الشامه,"[[37.908583, 31.515484]]",POINT,أسماء ثانوية
الشيره (خب الجمل),"[[38.836412, 29.398234]]",POINT,أسماء ثانوية
الصوان,"[[37.491746, 31.088669]]",POINT,أسماء ثانوية
الضبعيه,"[[40.110011, 30.059946]]",POINT,أسماء ثانوية
الطلحات,"[[38.101187, 30.276411]]",POINT,أسماء ثانوية
الطوسية,"[[39.879599, 30.747643]]",POINT,أسماء ثانوية
الظريفيه,"[[39.527328, 30.192833]]",POINT,أسماء ثانوية
الظليات,"[[39.596379, 30.026579]]",POINT,أسماء ثانوية
العاذرية,"[[40.086386, 30.231071]]",POINT,أسماء ثانوية
العجرميات,"[[39.895198, 30.4476]]",POINT,أسماء ثانوية
العجرمية  ام خمة,"[[39.94277, 30.536671]]",POINT,أسماء ثانوية
العدام,"[[40.522664, 30.031428]]",POINT,أسماء ثانوية
العريق,"[[38.979878, 28.984272]]",POINT,أسماء ثانوية
العريق,"[[39.416671, 29.81668]]",POINT,أسماء ثانوية
العصبي,"[[38.135819, 30.603619]]",POINT,أسماء ثانوية
العوجاء,"[[40.072975, 30.377562]]",POINT,أسماء ثانوية
الغضبا,"[[37.538288, 31.431777]]",POINT,أسماء ثانوية
الطويل,"[[39.401586, 29.356778]]",POINT,أسماء ثانوية
اللبه,"[[41.479697, 29.42703]]",POINT,أسماء ثانوية
الفريدة,"[[41.530251, 29.873993]]",POINT,أسماء ثانوية
الفياض,"[[40.037034, 30.028853]]",POINT,أسماء ثانوية
القرا,"[[37.708769, 30.956104]]",POINT,أسماء ثانوية
القرو,"[[40.851545, 29.653645]]",POINT,أسماء ثانوية
القرية,"[[41.272953, 29.925642]]",POINT,أسماء ثانوية
القرينية,"[[37.791874, 31.334832]]",POINT,أسماء ثانوية
القصاص,"[[39.208746, 30.02439]]",POINT,أسماء ثانوية
القصايم,"[[38.789656, 29.907725]]",POINT,أسماء ثانوية
القصوريات,"[[40.920596, 29.87807]]",POINT,أسماء ثانوية
الكدره,"[[38.921664, 29.494901]]",POINT,أسماء ثانوية
اللغف,"[[38.673356, 29.350812]]",POINT,أسماء ثانوية
المبرز,"[[40.449171, 29.808054]]",POINT,أسماء ثانوية
المتاهة,"[[39.163942, 29.458165]]",POINT,أسماء ثانوية
المحاص,"[[39.608588, 30.341535]]",POINT,أسماء ثانوية
المحيرثات,"[[40.732541, 29.280667]]",POINT,أسماء ثانوية
المحيضر,"[[37.792668, 30.961876]]",POINT,أسماء ثانوية
المروت,"[[39.877818, 29.305408]]",POINT,أسماء ثانوية
المشراف,"[[39.532306, 29.235156]]",POINT,أسماء ثانوية
المطرح,"[[39.786537, 30.552163]]",POINT,أسماء ثانوية
المطق,"[[40.496721, 29.284937]]",POINT,أسماء ثانوية
المعاصر,"[[38.317738, 30.749531]]",POINT,أسماء ثانوية
المعترضة,"[[39.478254, 29.95079]]",POINT,أسماء ثانوية
المعيزيلة,"[[38.16365, 29.75044]]",POINT,أسماء ثانوية
المعيلة,"[[40.666516, 30.671618]]",POINT,أسماء ثانوية
المفازة,"[[39.079335, 30.603426]]",POINT,أسماء ثانوية
المفرجية,"[[39.261253, 30.097282]]",POINT,أسماء ثانوية
المكيحيل,"[[39.436862, 28.653696]]",POINT,أسماء ثانوية
المهملة,"[[40.100398, 30.637436]]",POINT,أسماء ثانوية
الموحل,"[[41.311812, 30.101166]]",POINT,أسماء ثانوية
الناعم,"[[37.758229, 31.633415]]",POINT,أسماء ثانوية
النظيم,"[[39.569578, 29.226272]]",POINT,أسماء ثانوية
النهدين,"[[39.164908, 29.851871]]",POINT,أسماء ثانوية
النهيدين,"[[40.76226, 30.771911]]",POINT,أسماء ثانوية
الهمر,"[[40.116878, 30.049474]]",POINT,أسماء ثانوية
الهنديات,"[[39.854279, 29.238331]]",POINT,أسماء ثانوية
الوديان,"[[40.937655, 30.650997]]",POINT,أسماء ثانوية
ام الشنين,"[[39.157462, 28.836751]]",POINT,أسماء ثانوية
ام المقابر,"[[39.999998, 30.033317]]",POINT,أسماء ثانوية
ام المقابر,"[[40.040209, 30.171998]]",POINT,أسماء ثانوية
ام نخلة,"[[37.371304, 31.21351]]",POINT,أسماء ثانوية
ام نخيلة,"[[38.551047, 29.499021]]",POINT,أسماء ثانوية
باعجة المعتدل,"[[40.572853, 30.601559]]",POINT,أسماء ثانوية
باعجة المعتدل,"[[40.580277, 30.512853]]",POINT,أسماء ثانوية
بتراء شيبة,"[[38.66282, 30.554266]]",POINT,أسماء ثانوية
براعم الرتم,"[[37.644825, 31.483576]]",POINT,أسماء ثانوية
بربك البويتات,"[[41.19386, 30.006623]]",POINT,أسماء ثانوية
بربك خشة الثوير,"[[41.054621, 30.070868]]",POINT,أسماء ثانوية
برثة حلمه,"[[39.585736, 29.186232]]",POINT,أسماء ثانوية
برقا رغيان,"[[38.885937, 29.497583]]",POINT,أسماء ثانوية
برقاء الربيعان,"[[40.901585, 30.38887]]",POINT,أسماء ثانوية
برقاء الشراري,"[[37.895279, 31.340389]]",POINT,أسماء ثانوية
برقاء قنيفذات,"[[38.93265, 29.671476]]",POINT,أسماء ثانوية
بركة ابن كساب,"[[38.88628, 30.237679]]",POINT,أسماء ثانوية
بركة الهدهد,"[[39.711928, 29.35873]]",POINT,أسماء ثانوية
بركة فايض القريطه,"[[38.545039, 30.629497]]",POINT,أسماء ثانوية
بركة وثرالجاثي,"[[38.374472, 30.730798]]",POINT,أسماء ثانوية
بسيطاء المندسة,"[[38.088098, 29.865904]]",POINT,أسماء ثانوية
بطن الرعن,"[[41.325245, 30.03499]]",POINT,أسماء ثانوية
بقالة الغينة,"[[37.743723, 30.018253]]",POINT,أسماء ثانوية
بقايا قصيمه,"[[37.421236, 31.447999]]",POINT,أسماء ثانوية
بنية الشنيفي,"[[41.387558, 29.020901]]",POINT,أسماء ثانوية
بنية الغالبية,"[[40.567918, 29.018326]]",POINT,أسماء ثانوية
بنية بطحا,"[[40.04611, 28.647795]]",POINT,أسماء ثانوية
بنية حواس,"[[40.517557, 28.946443]]",POINT,أسماء ثانوية
بنية دمج,"[[40.834465, 29.039955]]",POINT,أسماء ثانوية
بنية رويعي,"[[41.309109, 29.04768]]",POINT,أسماء ثانوية
بنية سهيل,"[[40.822105, 29.017639]]",POINT,أسماء ثانوية
بنية مناحي,"[[41.316662, 28.939533]]",POINT,أسماء ثانوية
بنية ناصر,"[[40.541611, 29.056435]]",POINT,أسماء ثانوية
بيضان الوجيه,"[[40.855064, 30.77116]]",POINT,أسماء ثانوية
تلعة الشيب,"[[39.541254, 30.288856]]",POINT,أسماء ثانوية
تلعة الضبعه,"[[37.643108, 31.560545]]",POINT,أسماء ثانوية
تلعة الضروية,"[[41.020181, 30.47219]]",POINT,أسماء ثانوية
تلعة العرفجي الشرقية,"[[41.59456, 29.290645]]",POINT,أسماء ثانوية
تلعة العرفجي الغربية,"[[41.560743, 29.295859]]",POINT,أسماء ثانوية
تلعة العرفجي الغربية,"[[41.574326, 29.332466]]",POINT,أسماء ثانوية
تلعة المفازة,"[[39.081609, 30.614412]]",POINT,أسماء ثانوية
تلعة ام تليل,"[[40.869827, 30.461504]]",POINT,أسماء ثانوية
تلعة ليلى الشماليه,"[[38.686595, 30.90173]]",POINT,أسماء ثانوية
تليل السبوق,"[[37.935512, 31.498296]]",POINT,أسماء ثانوية
تليل الصقار,"[[38.606815, 29.577084]]",POINT,أسماء ثانوية
تليل الصقار,"[[40.383339, 30.249996]]",POINT,أسماء ثانوية
تليل الصقار,"[[40.475564, 30.178564]]",POINT,أسماء ثانوية
تليل القراب,"[[38.427429, 30.959988]]",POINT,أسماء ثانوية
تليل المهمر,"[[40.663426, 30.27463]]",POINT,أسماء ثانوية
تليل عفرات,"[[37.205436, 31.484199]]",POINT,أسماء ثانوية
تليلات الدسم,"[[38.564243, 30.911579]]",POINT,أسماء ثانوية
تليلات الضبيب,"[[41.524866, 30.325227]]",POINT,أسماء ثانوية
ثقب قارة ام طليحة,"[[40.994024, 30.101337]]",POINT,أسماء ثانوية
جابية ابن نصار,"[[38.696187, 30.472255]]",POINT,أسماء ثانوية
جال الامغر,"[[40.577488, 30.168822]]",POINT,أسماء ثانوية
جال الجوبة الشرقي,"[[40.612893, 29.771769]]",POINT,أسماء ثانوية
جال الجوبة الغربي,"[[40.099411, 30.35471]]",POINT,أسماء ثانوية
جال ام طليحة,"[[41.009538, 30.11301]]",POINT,أسماء ثانوية
جال ظهرة,"[[40.092888, 30.110092]]",POINT,أسماء ثانوية
جال قيالات,"[[39.999354, 30.099106]]",POINT,أسماء ثانوية
جبية النظيم,"[[41.346145, 29.34195]]",POINT,أسماء ثانوية
جرعا المعيد,"[[41.079254, 28.881598]]",POINT,أسماء ثانوية
جعلة السوداء,"[[38.492575, 29.455504]]",POINT,أسماء ثانوية
جفر نصار,"[[40.663898, 30.198541]]",POINT,أسماء ثانوية
جفرة الحصان,"[[37.470632, 31.512244]]",POINT,أسماء ثانوية
جيلان ظهير حمار,"[[39.943693, 29.994242]]",POINT,أسماء ثانوية
حدرج,"[[37.70452, 30.30937]]",POINT,أسماء ثانوية
حرة الامغر,"[[37.951283, 30.85433]]",POINT,أسماء ثانوية
حرة المابية,"[[38.070781, 30.943551]]",POINT,أسماء ثانوية
حرة المحيضر,"[[37.801037, 30.916214]]",POINT,أسماء ثانوية
حرة حظوظاء,"[[38.14642, 30.93647]]",POINT,أسماء ثانوية
حرة قليب خضر,"[[37.817688, 30.866089]]",POINT,أسماء ثانوية
حفاير ام غضي,"[[40.925596, 28.883679]]",POINT,أسماء ثانوية
حفر الرخيص,"[[41.234179, 29.045277]]",POINT,أسماء ثانوية
حفيرة المعاركية,"[[40.590255, 28.961527]]",POINT,أسماء ثانوية
حفيرة صومة,"[[41.089554, 29.030106]]",POINT,أسماء ثانوية
حفيرة قرطان,"[[41.276557, 28.905716]]",POINT,أسماء ثانوية
حفيرة مجول,"[[40.522685, 28.880095]]",POINT,أسماء ثانوية
حمراء الضبي,"[[41.621103, 30.374451]]",POINT,أسماء ثانوية
حوش مقل,"[[37.597811, 31.435897]]",POINT,أسماء ثانوية
حويصلات الحوصاء,"[[37.987826, 29.968193]]",POINT,أسماء ثانوية
حيكة الوادي,"[[40.249872, 30.003147]]",POINT,أسماء ثانوية
خبطة الحوار,"[[41.012306, 29.771748]]",POINT,أسماء ثانوية
الامحاص,"[[39.782031, 30.60025]]",POINT,أسماء ثانوية
البدع,"[[40.170028, 30.020013]]",POINT,أسماء ثانوية
البسيطاء,"[[38.301966, 30.007203]]",POINT,أسماء ثانوية
البسيطة,"[[38.349988, 30.883319]]",POINT,أسماء ثانوية
البصيله,"[[37.602811, 31.450746]]",POINT,أسماء ثانوية
البقار,"[[38.77882, 29.988921]]",POINT,أسماء ثانوية
البويتات,"[[41.214781, 30.009928]]",POINT,أسماء ثانوية
التجر,"[[40.099862, 29.933195]]",POINT,أسماء ثانوية
التربه,"[[38.887653, 30.829375]]",POINT,أسماء ثانوية
التمريات,"[[40.381429, 30.510814]]",POINT,أسماء ثانوية
الثرثار,"[[40.481637, 29.911072]]",POINT,أسماء ثانوية
الجذوا,"[[39.41798, 29.773979]]",POINT,أسماء ثانوية
الجراوي,"[[38.740561, 30.153501]]",POINT,أسماء ثانوية
الجربوعية,"[[37.754323, 30.934281]]",POINT,أسماء ثانوية
الجفيرات,"[[37.702396, 31.18643]]",POINT,أسماء ثانوية
الجوخاء,"[[38.67666, 30.304434]]",POINT,أسماء ثانوية
الجوية,"[[40.166681, 30.166676]]",POINT,أسماء ثانوية
الحديثة,"[[37.160375, 31.441841]]",POINT,أسماء ثانوية
الحرة,"[[38.750002, 30.750003]]",POINT,أسماء ثانوية
الحجرة,"[[41.619279, 30.172019]]",POINT,أسماء ثانوية
الحنظلية,"[[40.352483, 30.634947]]",POINT,أسماء ثانوية
الخزيزة,"[[41.2289, 29.271398]]",POINT,أسماء ثانوية
الخشرقية,"[[39.265609, 29.537923]]",POINT,أسماء ثانوية
أباير,"[[37.469773, 31.349766]]",POINT,أسماء ثانوية
أم جثجاث,"[[38.76837, 29.366047]]",POINT,أسماء ثانوية
أم رجمين,"[[37.665274, 31.364079]]",POINT,أسماء ثانوية
ابرق الحبيلي,"[[39.559021, 30.4632]]",POINT,أسماء ثانوية
ابرق السندله,"[[38.991015, 30.69653]]",POINT,أسماء ثانوية
ابرق الضيان,"[[39.103539, 29.364824]]",POINT,أسماء ثانوية
ابرق الهيق,"[[38.712151, 29.530563]]",POINT,أسماء ثانوية
ابرق دمعة,"[[40.93302, 29.99598]]",POINT,أسماء ثانوية
ابرق مديسيس,"[[39.137549, 30.513024]]",POINT,أسماء ثانوية
ابو حنظل,"[[39.111993, 29.951713]]",POINT,أسماء ثانوية
اديرع,"[[37.707331, 29.937615]]",POINT,أسماء ثانوية
اشجار,"[[40.150995, 29.016781]]",POINT,أسماء ثانوية
الابرق,"[[38.940311, 30.28332]]",POINT,أسماء ثانوية
الاجلال,"[[41.209288, 29.925041]]",POINT,أسماء ثانوية
الاصابع,"[[40.791206, 30.024691]]",POINT,أسماء ثانوية
الاضارع,"[[39.520762, 29.843287]]",POINT,أسماء ثانوية
أبو عجرم,"[[39.316678, 29.887469]]",POINT,أسماء رئيسة
مركز البتراء,"[[38.673205, 30.537486]]",POINT,أسماء رئيسة
مركز الحصاة,"[[37.691581, 30.852721]]",POINT,أسماء رئيسة
مركز الخفية,"[[37.896481, 30.414855]]",POINT,أسماء رئيسة
مركز الرصد,"[[37.198977, 31.48555]]",POINT,أسماء رئيسة
مركز ام طلحة,"[[37.566805, 30.07973]]",POINT,أسماء رئيسة
مركز باير,"[[37.407804, 31.117101]]",POINT,أسماء رئيسة
مركز حدودي,"[[37.090144, 31.423581]]",POINT,أسماء رئيسة
مركز حصيدة,"[[37.239554, 31.27902]]",POINT,أسماء رئيسة
مركز قتب الشامه,"[[37.90339, 31.584148]]",POINT,أسماء رئيسة
مركز نعيج,"[[38.000679, 31.642685]]",POINT,أسماء رئيسة
أثره,"[[37.627058, 31.385386]]",POINT,أسماء رئيسة
أجربة,"[[39.792395, 29.935899]]",POINT,أسماء رئيسة
أصفان,"[[39.676223, 29.670339]]",POINT,أسماء رئيسة
أويسط,"[[38.173842, 30.536134]]",POINT,أسماء رئيسة
البحيرات,"[[39.878612, 29.829533]]",POINT,أسماء رئيسة
البديع,"[[37.748916, 30.978184]]",POINT,أسماء رئيسة
الجبيلي,"[[41.613851, 29.18222]]",POINT,أسماء رئيسة
الدويحات,"[[38.730755, 30.283899]]",POINT,أسماء رئيسة
الرديفة,"[[37.69274, 30.984106]]",POINT,أسماء رئيسة
الرديفة,"[[39.679696, 29.800593]]",POINT,أسماء رئيسة
الرشرشيه,"[[37.314248, 31.449502]]",POINT,أسماء رئيسة
الرفيعه,"[[40.316262, 30.064795]]",POINT,أسماء رئيسة
الشعيره,"[[39.553185, 29.495738]]",POINT,أسماء رئيسة
الشقيق,"[[39.92835, 29.30176]]",POINT,أسماء رئيسة
الشويحطية,"[[40.190005, 30.312502]]",POINT,أسماء رئيسة
الضبيعه,"[[40.143936, 30.010335]]",POINT,أسماء رئيسة
الطيري,"[[40.931497, 30.52268]]",POINT,أسماء رئيسة
العقيلة,"[[37.440248, 31.303933]]",POINT,أسماء رئيسة
العمارية,"[[40.5603, 30.658207]]",POINT,أسماء رئيسة
العوينه,"[[40.259314, 29.984243]]",POINT,أسماء رئيسة
العيساوية,"[[37.986646, 30.72258]]",POINT,أسماء رئيسة
العين البيضاء,"[[37.63135, 31.156304]]",POINT,أسماء رئيسة
الفياض,"[[38.107367, 30.60246]]",POINT,أسماء رئيسة
الفياض,"[[40.088339, 29.978771]]",POINT,أسماء رئيسة
القرعا,"[[40.175843, 30.006022]]",POINT,أسماء رئيسة
القرقر,"[[37.579894, 31.360989]]",POINT,أسماء رئيسة
القريات,"[[37.366927, 31.343951]]",POINT,أسماء رئيسة
القريات,"[[37.345319, 31.331162]]",POINT,أسماء رئيسة
القنيطرة,"[[40.110912, 29.974694]]",POINT,أسماء رئيسة
الكيسومة,"[[40.10308, 30.003233]]",POINT,أسماء رئيسة
اللقايط,"[[40.243864, 29.982634]]",POINT,أسماء رئيسة
المدرة,"[[40.237834, 29.812002]]",POINT,أسماء رئيسة
المرير,"[[39.915862, 30.050461]]",POINT,أسماء رئيسة
المزيرير,"[[40.184147, 29.822023]]",POINT,أسماء رئيسة
المسيجيد,"[[37.416923, 31.272519]]",POINT,أسماء رئيسة
الميسري,"[[38.31557, 30.466633]]",POINT,أسماء رئيسة
الناصفة,"[[37.626114, 31.082382]]",POINT,أسماء رئيسة
النباج,"[[38.402495, 30.424082]]",POINT,أسماء رئيسة
النبك ابو قصر,"[[38.699169, 30.292032]]",POINT,أسماء رئيسة
النظايم,"[[40.319545, 30.141871]]",POINT,أسماء رئيسة
النعيم,"[[38.087111, 30.623617]]",POINT,أسماء رئيسة
الوادي,"[[39.88153, 29.83773]]",POINT,أسماء رئيسة
اليابس,"[[40.260258, 29.999499]]",POINT,أسماء رئيسة
ام فرس,"[[40.098081, 29.953794]]",POINT,أسماء رئيسة
ام نخيلة,"[[38.193476, 29.208891]]",POINT,أسماء رئيسة
باير,"[[37.523332, 31.244366]]",POINT,أسماء رئيسة
جماجم,"[[37.678363, 31.003032]]",POINT,أسماء رئيسة
حصيبا,"[[39.862776, 29.790823]]",POINT,أسماء رئيسة
حصيده,"[[37.368772, 31.321013]]",POINT,أسماء رئيسة
خوعاء,"[[40.440073, 29.802346]]",POINT,أسماء رئيسة
دومة الجندل,"[[39.859862, 29.804679]]",POINT,أسماء رئيسة
روض المزارع,"[[39.825718, 29.902575]]",POINT,أسماء رئيسة
زلوم,"[[40.296071, 30.169916]]",POINT,أسماء رئيسة
سكاكا,"[[40.198113, 29.965963]]",POINT,أسماء رئيسة
شغار,"[[38.821306, 30.096745]]",POINT,أسماء رئيسة
شيبة,"[[38.548408, 30.431442]]",POINT,أسماء رئيسة
صبيحة,"[[38.835425, 30.041149]]",POINT,أسماء رئيسة
صديع,"[[38.06812, 30.653894]]",POINT,أسماء رئيسة
صوير,"[[40.383232, 30.12301]]",POINT,أسماء رئيسة
طبرجل,"[[38.24034, 30.52386]]",POINT,أسماء رئيسة
طوير,"[[40.083854, 29.928646]]",POINT,أسماء رئيسة
عجيربة,"[[39.783168, 29.933324]]",POINT,أسماء رئيسة
عذفاء,"[[41.440065, 29.257042]]",POINT,أسماء رئيسة
عقلة هويدي,"[[41.360049, 30.411851]]",POINT,أسماء رئيسة
عين الحواسي,"[[37.600751, 31.37249]]",POINT,أسماء رئيسة
غطي,"[[37.534683, 31.264729]]",POINT,أسماء رئيسة
قارا,"[[40.227985, 29.876461]]",POINT,أسماء رئيسة
قراطين,"[[39.877088, 29.821229]]",POINT,أسماء رئيسة
قراقر,"[[37.771339, 31.259193]]",POINT,أسماء رئيسة
قرية الأضارع,"[[39.575458, 29.82758]]",POINT,أسماء رئيسة
قصيبة,"[[37.63489, 31.25252]]",POINT,أسماء رئيسة
قليب خضر,"[[37.87101, 30.833151]]",POINT,أسماء رئيسة
قيال,"[[40.101449, 30.068722]]",POINT,أسماء رئيسة
محجة,"[[40.046561, 29.922509]]",POINT,أسماء رئيسة
مركز العيساوية,"[[37.878392, 30.635633]]",POINT,أسماء رئيسة
مركز المرير,"[[39.900842, 30.070095]]",POINT,أسماء رئيسة
مغيراء,"[[40.419838, 29.858243]]",POINT,أسماء رئيسة
منوى,"[[37.582512, 31.377339]]",POINT,أسماء رئيسة
ميقوع,"[[38.921535, 29.819663]]",POINT,أسماء رئيسة
هجرة دعبوس,"[[37.413597, 31.326141]]",POINT,أسماء رئيسة
هدبان,"[[40.35008, 30.073078]]",POINT,أسماء رئيسة
هديب,"[[40.393381, 30.072134]]",POINT,أسماء رئيسة
مكامن ابا الرواث,"[[41.349106, 29.69656]]",POINT,تجمع مياه
مكمن الشداد,"[[38.24182, 30.996551]]",POINT,تجمع مياه
مكمن شما,"[[39.226749, 30.635848]]",POINT,تجمع مياه
مكمن طوقة,"[[39.240696, 30.861754]]",POINT,تجمع مياه
مكمن عذيفاء,"[[41.615009, 29.178314]]",POINT,تجمع مياه
مكمن ودي موت,"[[39.471388, 30.597589]]",POINT,تجمع مياه
مصب شعيب طوقه,"[[38.797359, 30.899477]]",POINT,تجمع مياه
قيعان الارينبات,"[[39.592302, 30.849674]]",POINT,تجمع مياه
قيعان الرصيف,"[[40.407522, 30.32512]]",POINT,تجمع مياه
قيعان العجرميات,"[[39.81941, 30.43273]]",POINT,تجمع مياه
قيعان القعيدات,"[[37.832258, 31.094055]]",POINT,تجمع مياه
قيعان الكهف,"[[40.034373, 29.886074]]",POINT,تجمع مياه
قيعان المحاص,"[[39.639873, 30.386403]]",POINT,تجمع مياه
فياض العوجاء,"[[39.982789, 30.402195]]",POINT,تجمع مياه
فياض الفسقانات,"[[40.430138, 30.415328]]",POINT,تجمع مياه
فياض ام تليل,"[[41.059942, 30.278127]]",POINT,تجمع مياه
فياض ام غدير,"[[41.016104, 30.297182]]",POINT,تجمع مياه
فياض حنين,"[[40.042205, 29.972763]]",POINT,تجمع مياه
فياض خش الثور,"[[41.106527, 30.048122]]",POINT,تجمع مياه
فياض هذيليل العفر,"[[41.084876, 29.916952]]",POINT,تجمع مياه
فيضة ابن زعيله,"[[41.488602, 30.142343]]",POINT,تجمع مياه
فيضة ابن غالية,"[[37.523847, 31.604898]]",POINT,تجمع مياه
فيضة ابو صفاء,"[[41.484396, 30.110393]]",POINT,تجمع مياه
فيضة ارفه,"[[41.35417, 29.998512]]",POINT,تجمع مياه
فيضة الابيض,"[[37.94637, 30.715799]]",POINT,تجمع مياه
فيضة الاصفر,"[[41.081829, 30.376339]]",POINT,تجمع مياه
فيضة البرقاء,"[[40.156016, 29.982333]]",POINT,تجمع مياه
فيضة البويتات,"[[41.18268, 30.019884]]",POINT,تجمع مياه
فيضة الثمد,"[[41.10775, 29.988556]]",POINT,تجمع مياه
فيضة الثنية,"[[41.732769, 30.028381]]",POINT,تجمع مياه
فيضة الجادة,"[[41.672516, 30.092068]]",POINT,تجمع مياه
فيضة الجلوي,"[[41.284904, 29.996452]]",POINT,تجمع مياه
فيضة الجندلي,"[[41.586685, 29.884357]]",POINT,تجمع مياه
فيضة الجويدية,"[[40.979519, 29.949718]]",POINT,تجمع مياه
فيضة الحمراء,"[[41.582737, 30.285702]]",POINT,تجمع مياه
فيضة الرشرشيه,"[[37.367849, 31.438451]]",POINT,تجمع مياه
فيضة الرغلية,"[[39.545052, 30.01394]]",POINT,تجمع مياه
فيضة الرغيلة السفلى,"[[41.0446, 30.239975]]",POINT,تجمع مياه
فيضة الرغيلة العليا,"[[41.120625, 30.215836]]",POINT,تجمع مياه
فيضة الرمادية,"[[41.564541, 30.109749]]",POINT,تجمع مياه
فيضة الروثية,"[[41.195276, 30.052629]]",POINT,تجمع مياه
فيضة السبتية,"[[41.32988, 30.012846]]",POINT,تجمع مياه
فيضة السويداء,"[[41.325052, 29.995315]]",POINT,تجمع مياه
فيضة الشفلحية,"[[41.182702, 30.090845]]",POINT,تجمع مياه
فيضة الشفلحيه,"[[40.114195, 30.707002]]",POINT,تجمع مياه
فيضة الشيحية,"[[41.161695, 29.981582]]",POINT,تجمع مياه
فيضة الصفر,"[[41.55452, 30.174229]]",POINT,تجمع مياه
فيضة العبيد,"[[37.886674, 30.708504]]",POINT,تجمع مياه
فيضة العزبة,"[[41.223965, 30.077047]]",POINT,تجمع مياه
فيضة العوس,"[[40.032291, 29.974136]]",POINT,تجمع مياه
فيضة الغرقانة,"[[41.054235, 30.316494]]",POINT,تجمع مياه
فيضة الغويسري,"[[41.41571, 30.299778]]",POINT,تجمع مياه
فيضة الفهد,"[[41.133156, 30.243988]]",POINT,تجمع مياه
فيضة القصل,"[[40.098553, 29.891911]]",POINT,تجمع مياه
فيضة القيصومية,"[[41.113758, 30.191975]]",POINT,تجمع مياه
فيضة الكليبة,"[[41.169376, 30.019455]]",POINT,تجمع مياه
فيضة المجراد,"[[41.620331, 30.22974]]",POINT,تجمع مياه
فيضة المرجومة,"[[41.198988, 29.976926]]",POINT,تجمع مياه
فيضة المريسي,"[[41.507463, 30.12331]]",POINT,تجمع مياه
فيضة المستورة,"[[41.296148, 29.996281]]",POINT,تجمع مياه
فيضة المعزولة,"[[41.018486, 30.401058]]",POINT,تجمع مياه
فيضة المنبطح,"[[41.564949, 30.146871]]",POINT,تجمع مياه
فيضة الموحل,"[[41.22242, 29.899635]]",POINT,تجمع مياه
فيضة المويشرية,"[[41.026211, 30.368958]]",POINT,تجمع مياه
فيضة النهار,"[[41.337347, 29.998512]]",POINT,تجمع مياه
فيضة ام الحمام,"[[41.431117, 29.92856]]",POINT,تجمع مياه
فيضة ام الصخال,"[[40.186615, 30.157814]]",POINT,تجمع مياه
فيضة ام الهمل,"[[41.156974, 30.33072]]",POINT,تجمع مياه
فيضة ام برميل,"[[41.723671, 30.172749]]",POINT,تجمع مياه
فيضة ام بنايا,"[[41.068289, 30.340075]]",POINT,تجمع مياه
فيضة ام تلول,"[[41.158218, 30.026236]]",POINT,تجمع مياه
فيضة ام تليل,"[[41.649148, 30.13185]]",POINT,تجمع مياه
فيضة ام تليل,"[[41.200941, 30.058637]]",POINT,تجمع مياه
فيضة ام خسيف,"[[41.55452, 30.241606]]",POINT,تجمع مياه
فيضة ام رجم,"[[41.175127, 30.017738]]",POINT,تجمع مياه
فيضة ام زباير,"[[41.164055, 30.025206]]",POINT,تجمع مياه
فيضة ام سوح,"[[41.153755, 30.030956]]",POINT,تجمع مياه
فيضة ام طريفات,"[[41.053655, 30.42419]]",POINT,تجمع مياه
فيضة ام غار,"[[41.05093, 29.948044]]",POINT,تجمع مياه
فيضة ام غدير,"[[41.129208, 29.963665]]",POINT,تجمع مياه
فيضة ام لقف,"[[41.331596, 29.767456]]",POINT,تجمع مياه
فيضة ام ماجد,"[[40.941582, 30.271454]]",POINT,تجمع مياه
فيضة ام نخيلة,"[[41.590912, 30.060675]]",POINT,تجمع مياه
فيضة ام نصال,"[[41.083374, 30.418568]]",POINT,تجمع مياه
فيضة ام نصال,"[[41.443348, 30.221157]]",POINT,تجمع مياه
فيضة ام نصيلة,"[[40.930939, 30.317287]]",POINT,تجمع مياه
فيضة ام نغور,"[[41.218643, 29.935169]]",POINT,تجمع مياه
فيضة ام هبنة,"[[41.192207, 29.950447]]",POINT,تجمع مياه
فيضة تويتان,"[[41.749592, 30.064602]]",POINT,تجمع مياه
فيضة جرذية,"[[41.717856, 30.326021]]",POINT,تجمع مياه
فيضة حمراء ام غار,"[[41.660671, 30.200558]]",POINT,تجمع مياه
فيضة خميس,"[[41.266708, 29.982891]]",POINT,تجمع مياه
فيضة رمادية,"[[41.500812, 30.108612]]",POINT,تجمع مياه
فيضة شافي,"[[41.559134, 30.371511]]",POINT,تجمع مياه
فيضة صفية,"[[41.373138, 30.021687]]",POINT,تجمع مياه
فيضة عرفه,"[[41.426075, 29.987977]]",POINT,تجمع مياه
فيضة عواد,"[[41.153884, 30.321879]]",POINT,تجمع مياه
فيضة غدير ابو مراسي,"[[39.080086, 30.665481]]",POINT,تجمع مياه
فيضة غدير الخيل,"[[41.308937, 30.020313]]",POINT,تجمع مياه
فيضة فاج الصليبي,"[[41.142426, 30.208454]]",POINT,تجمع مياه
فيضة كبد,"[[41.068268, 30.065374]]",POINT,تجمع مياه
فيضة كسر صفية,"[[41.3711, 29.985209]]",POINT,تجمع مياه
فيضة مديسيس,"[[41.017284, 29.967442]]",POINT,تجمع مياه
فيضة معاق دروث,"[[41.681099, 30.370266]]",POINT,تجمع مياه
فيضة مفيد,"[[41.38155, 30.269737]]",POINT,تجمع مياه
فيضة نومان,"[[40.996256, 30.092497]]",POINT,تجمع مياه
فيضة نيصوبة,"[[39.84767, 30.064301]]",POINT,تجمع مياه
فيضة هذيليل العفر,"[[41.084876, 29.916952]]",POINT,تجمع مياه
فيضة وعرة البويتات,"[[41.198559, 30.001688]]",POINT,تجمع مياه
فيضة عمر,"[[41.110775, 30.125456]]",POINT,تجمع مياه
غدير الأعيلي الفوقي,"[[38.774679, 30.905786]]",POINT,تجمع مياه
غدير الصلبي,"[[41.281514, 30.384729]]",POINT,تجمع مياه
غديرالسندله,"[[38.92396, 30.679858]]",POINT,تجمع مياه
شعبان التمريات,"[[40.263305, 30.53268]]",POINT,تجمع مياه
شعبان الحنظليات,"[[40.390377, 30.669215]]",POINT,تجمع مياه
شعبان الظليات,"[[39.658778, 29.887877]]",POINT,تجمع مياه
شعبان الناعم,"[[37.660854, 31.639423]]",POINT,تجمع مياه
شعيب أم غضاه,"[[38.902953, 30.836349]]",POINT,تجمع مياه
شعيب ابرق الحبيلي,"[[39.4804, 30.422001]]",POINT,تجمع مياه
شعيب اعيوج,"[[40.68939, 30.405221]]",POINT,تجمع مياه
شعيب الأسيد,"[[38.140025, 31.036012]]",POINT,تجمع مياه
شعيب الأسيد,"[[38.176997, 31.100192]]",POINT,تجمع مياه
شعيب البويب,"[[40.427949, 30.467298]]",POINT,تجمع مياه
شعيب التمرية ام رضمة,"[[40.31182, 30.468049]]",POINT,تجمع مياه
شعيب الجاردي,"[[41.21212, 29.400852]]",POINT,تجمع مياه
شعيب الجاردي,"[[41.33239, 29.718146]]",POINT,تجمع مياه
شعيب الجضيعة,"[[37.528181, 31.176281]]",POINT,تجمع مياه
شعيب الحديثة,"[[37.167864, 31.501236]]",POINT,تجمع مياه
شعيب الحنظلية ام رضمة,"[[40.56663, 30.788026]]",POINT,تجمع مياه
شعيب الحنظلية ام رمث,"[[40.479641, 30.716743]]",POINT,تجمع مياه
شعيب الحنظلية ام غدران,"[[40.445137, 30.796909]]",POINT,تجمع مياه
شعيب الخنصر,"[[40.0701, 30.067821]]",POINT,تجمع مياه
شعيب الساقي,"[[41.696141, 29.996281]]",POINT,تجمع مياه
شعيب الساقي,"[[41.663482, 29.953902]]",POINT,تجمع مياه
شعيب الطريفاوي,"[[40.143635, 30.290401]]",POINT,تجمع مياه
شعيب العاذرية,"[[40.09527, 30.202725]]",POINT,تجمع مياه
شعيب العبد,"[[38.302202, 30.918059]]",POINT,تجمع مياه
شعيب العوجاء,"[[40.133636, 30.368679]]",POINT,تجمع مياه
شعيب العوجاء,"[[40.297122, 30.171976]]",POINT,تجمع مياه
شعيب القدوري,"[[41.175106, 29.44396]]",POINT,تجمع مياه
شعيب القطب,"[[38.992367, 30.105393]]",POINT,تجمع مياه
شعيب القطب,"[[39.20366, 30.152171]]",POINT,تجمع مياه
شعيب القلتة,"[[39.871123, 29.932487]]",POINT,تجمع مياه
شعيب الكهف,"[[39.941676, 29.9368]]",POINT,تجمع مياه
شعيب المبرك,"[[40.046496, 30.065353]]",POINT,تجمع مياه
شعيب المزرقاني,"[[41.372237, 29.60573]]",POINT,تجمع مياه
شعيب المفرجية,"[[39.168835, 30.071983]]",POINT,تجمع مياه
شعيب النصي,"[[40.016542, 30.054495]]",POINT,تجمع مياه
شعيب ام المقابر,"[[40.075185, 30.160561]]",POINT,تجمع مياه
شعيب ام صبخاة,"[[39.966159, 30.012202]]",POINT,تجمع مياه
شعيب ام صبخاة,"[[40.039008, 29.990187]]",POINT,تجمع مياه
شعيب ام عدام,"[[40.133958, 30.092454]]",POINT,تجمع مياه
شعيب ام عدام,"[[40.090506, 30.173521]]",POINT,تجمع مياه
شعيب ام لويزة,"[[38.82077, 30.843236]]",POINT,تجمع مياه
شعيب ام لويزة,"[[38.945761, 30.928681]]",POINT,تجمع مياه
شعيب ام مرطة,"[[39.570394, 29.386432]]",POINT,تجمع مياه
شعيب طعيس الملعب,"[[38.379235, 30.33175]]",POINT,تجمع مياه
شعيب ظهير حمار الجنوبي,"[[40.002787, 29.950404]]",POINT,تجمع مياه
شعيب قارة المفرق,"[[40.155008, 30.025184]]",POINT,تجمع مياه
شعيب قارة المفرق,"[[40.151896, 30.044003]]",POINT,تجمع مياه
شعيب قارة المفرق,"[[40.06289, 30.150776]]",POINT,تجمع مياه
شعيب قريميز,"[[39.301872, 29.945641]]",POINT,تجمع مياه
شعيب مديسيس,"[[37.554402, 30.992968]]",POINT,تجمع مياه
شعيب معيلة الرغلية,"[[40.915854, 30.76159]]",POINT,تجمع مياه
سد القتب,"[[37.912059, 31.558871]]",POINT,تجمع مياه
سد حصيدة,"[[37.247, 31.423194]]",POINT,تجمع مياه
سد شعيب العوجاء,"[[40.256782, 30.184035]]",POINT,تجمع مياه
سد شويحط,"[[40.188031, 30.325785]]",POINT,تجمع مياه
ساقي غدير الخيل,"[[41.296749, 30.005121]]",POINT,تجمع مياه
ساقي فيضة نومان,"[[40.994968, 30.094986]]",POINT,تجمع مياه
ساقية الرديفة,"[[39.59713, 30.166247]]",POINT,تجمع مياه
ساقية الشيب,"[[39.539473, 30.138245]]",POINT,تجمع مياه
خباري الامحاص,"[[39.604576, 30.559287]]",POINT,تجمع مياه
خباري البريثات,"[[37.816508, 31.668434]]",POINT,تجمع مياه
خبراء اخيضر,"[[37.961712, 31.353285]]",POINT,تجمع مياه
خبراء البدرية,"[[40.683746, 30.493455]]",POINT,تجمع مياه
خبراء الثايه,"[[39.41431, 30.2477]]",POINT,تجمع مياه
خبراء الحجاجية,"[[41.264477, 29.85363]]",POINT,تجمع مياه
خبراء الحصان,"[[39.686351, 29.24685]]",POINT,تجمع مياه
خبراء الرحى,"[[39.239902, 30.820255]]",POINT,تجمع مياه
خبراء القيق,"[[39.287968, 30.950031]]",POINT,تجمع مياه
خبراء الكاسب,"[[41.786156, 30.283513]]",POINT,تجمع مياه
خبراء الوصفي,"[[41.580827, 30.121551]]",POINT,تجمع مياه
خبراء ام طرفاة,"[[41.771951, 30.019155]]",POINT,تجمع مياه
خبراء طوقة,"[[39.321613, 30.898705]]",POINT,تجمع مياه
خبراء مسحة,"[[39.415512, 30.702324]]",POINT,تجمع مياه
نصلة فيضة ظهرة كبد,"[[41.085949, 30.046492]]",POINT,تجمع مياه
روضة عمر,"[[41.087666, 30.163651]]",POINT,تجمع مياه
بحيرة دومة الجندل,"[[39.911141, 29.814084]]",POINT,تجمع مياه
وادي أم قريص,"[[37.97184, 30.630591]]",POINT,تجمع مياه
وادي أم قيعان,"[[37.840369, 30.723588]]",POINT,تجمع مياه
وادي ابا الرواث,"[[41.963825, 30.064645]]",POINT,تجمع مياه
وادي ابا الرواث,"[[41.429787, 29.725227]]",POINT,تجمع مياه
وادي ابا القور,"[[40.813694, 30.35368]]",POINT,تجمع مياه
وادي ابو بعيثرات,"[[38.826499, 29.487798]]",POINT,تجمع مياه
وادي ابو حوايا,"[[38.156612, 30.454252]]",POINT,تجمع مياه
وادي ابو حوايا,"[[37.88161, 30.160518]]",POINT,تجمع مياه
وادي ابو سليليات,"[[37.987246, 29.923217]]",POINT,تجمع مياه
وادي ابو سليليات,"[[38.631084, 30.619819]]",POINT,تجمع مياه
وادي ابو سليليات,"[[38.697302, 30.800643]]",POINT,تجمع مياه
وادي ابو سيلا,"[[37.743788, 29.816637]]",POINT,تجمع مياه
وادي ابو طرفاء,"[[37.934332, 31.283569]]",POINT,تجمع مياه
وادي ابو غريسة,"[[37.777026, 31.507673]]",POINT,تجمع مياه
وادي ابو نجيلة,"[[38.040848, 31.204283]]",POINT,تجمع مياه
وادي ابو نجيلة,"[[38.046169, 31.016872]]",POINT,تجمع مياه
وادي الأبيض,"[[37.933001, 30.640397]]",POINT,تجمع مياه
وادي الاعيلي,"[[38.672562, 30.608597]]",POINT,تجمع مياه
وادي الاعيلي,"[[38.746591, 30.931814]]",POINT,تجمع مياه
وادي التربة,"[[38.944216, 30.801201]]",POINT,تجمع مياه
وادي التربة,"[[39.130297, 30.873749]]",POINT,تجمع مياه
وادي التربة,"[[39.175465, 30.892375]]",POINT,تجمع مياه
وادي الحصاة,"[[37.725313, 30.872741]]",POINT,تجمع مياه
وادي الدسم,"[[38.513989, 30.795321]]",POINT,تجمع مياه
وادي الدسم,"[[38.617609, 30.862849]]",POINT,تجمع مياه
وادي الرتامي,"[[37.900686, 31.123817]]",POINT,تجمع مياه
وادي الرتامي,"[[38.001452, 31.188877]]",POINT,تجمع مياه
وادي السندلة,"[[38.87126, 30.628209]]",POINT,تجمع مياه
وادي الشراري,"[[37.871246, 31.313825]]",POINT,تجمع مياه
وادي الضباعية,"[[38.325655, 30.913918]]",POINT,تجمع مياه
وادي الطيري,"[[40.810454, 30.48852]]",POINT,تجمع مياه
وادي الطيري,"[[40.963898, 30.520363]]",POINT,تجمع مياه
وادي الغراء,"[[37.568929, 31.016057]]",POINT,تجمع مياه
وادي الغويل,"[[38.057542, 30.256691]]",POINT,تجمع مياه
وادي الغويل,"[[38.170645, 30.433073]]",POINT,تجمع مياه
وادي الغينة,"[[38.248665, 30.399599]]",POINT,تجمع مياه
وادي الغينه,"[[38.013489, 30.134876]]",POINT,تجمع مياه
وادي القلتة,"[[38.480129, 30.9799]]",POINT,تجمع مياه
وادي القلتة,"[[38.414233, 30.825534]]",POINT,تجمع مياه
وادي الكواكبة,"[[37.59088, 29.997869]]",POINT,تجمع مياه
وادي المابية,"[[38.1002, 31.028202]]",POINT,تجمع مياه
وادي المابية,"[[38.132644, 31.151991]]",POINT,تجمع مياه
وادي المحاص,"[[39.676523, 30.34265]]",POINT,تجمع مياه
وادي المرير,"[[39.934144, 30.044839]]",POINT,تجمع مياه
وادي المسماء,"[[38.190751, 30.9849]]",POINT,تجمع مياه
وادي المشوح,"[[37.824748, 30.760624]]",POINT,تجمع مياه
وادي المعتدل,"[[40.554893, 30.649409]]",POINT,تجمع مياه
وادي المندسة,"[[37.811937, 30.759573]]",POINT,تجمع مياه
وادي الهلالي,"[[40.833735, 30.574951]]",POINT,تجمع مياه
وادي الهلباء,"[[41.29559, 29.353924]]",POINT,تجمع مياه
وادي ام أرطى,"[[38.054731, 29.895365]]",POINT,تجمع مياه
وادي ام أرطى,"[[38.303018, 30.468628]]",POINT,تجمع مياه
وادي ام أرطى,"[[38.263643, 30.33205]]",POINT,تجمع مياه
وادي ام أرطى,"[[38.275337, 30.394771]]",POINT,تجمع مياه
وادي ام زوير,"[[38.53946, 30.801952]]",POINT,تجمع مياه
وادي ام طعيس,"[[39.326098, 30.289092]]",POINT,تجمع مياه
وادي ام قبور,"[[37.590086, 30.953186]]",POINT,تجمع مياه
وادي ام نخيلة,"[[38.56744, 29.566312]]",POINT,تجمع مياه
وادي ام نخيلة,"[[38.912308, 30.143781]]",POINT,تجمع مياه
وادي ام نخيلة,"[[39.141819, 30.266733]]",POINT,تجمع مياه
وادي ام نخيلة الجنوبي,"[[39.061868, 30.242078]]",POINT,تجمع مياه
وادي ام نخيلة الشمالي,"[[39.028137, 30.264931]]",POINT,تجمع مياه
وادي باير,"[[37.507153, 31.193254]]",POINT,تجمع مياه
وادي حدرج,"[[37.971668, 30.368958]]",POINT,تجمع مياه
وادي حدرج,"[[38.148136, 30.471418]]",POINT,تجمع مياه
وادي حصيدة الشرقي,"[[37.401431, 31.279042]]",POINT,تجمع مياه
وادي حصيدة الغربية,"[[37.224469, 31.411436]]",POINT,تجمع مياه
وادي رجلة الدعاجين,"[[39.480765, 30.328467]]",POINT,تجمع مياه
وادي سارمداء,"[[37.558522, 31.02906]]",POINT,تجمع مياه
وادي شما,"[[39.191601, 30.671639]]",POINT,تجمع مياه
وادي شويحط,"[[39.445789, 30.800858]]",POINT,تجمع مياه
وادي شويحط,"[[39.725575, 30.598447]]",POINT,تجمع مياه
وادي شويحط,"[[40.199361, 30.310078]]",POINT,تجمع مياه
وادي شويحط,"[[40.301135, 30.179551]]",POINT,تجمع مياه
وادي صديع,"[[38.050632, 30.567226]]",POINT,تجمع مياه
وادي صديع أبو غدير,"[[37.999992, 30.616665]]",POINT,تجمع مياه
وادي صديع البويب,"[[37.947721, 30.396295]]",POINT,تجمع مياه
وادي طبرجل,"[[37.977183, 30.196073]]",POINT,تجمع مياه
وادي طريف,"[[38.082089, 29.743423]]",POINT,تجمع مياه
وادي طريف,"[[38.291688, 30.335419]]",POINT,تجمع مياه
وادي طوقة,"[[38.872375, 30.923939]]",POINT,تجمع مياه
وادي فجر,"[[38.158929, 29.182241]]",POINT,تجمع مياه
وادي فجر,"[[38.247313, 29.626286]]",POINT,تجمع مياه
وادي فك,"[[37.813246, 30.836263]]",POINT,تجمع مياه
وادي مديسيس,"[[38.913681, 30.360718]]",POINT,تجمع مياه
وادي مديسيس,"[[39.079099, 30.480366]]",POINT,تجمع مياه
وادي معارك,"[[38.897095, 30.161204]]",POINT,تجمع مياه
وادي معارك,"[[38.985007, 30.287933]]",POINT,تجمع مياه
وادي معارك,"[[39.083111, 30.392561]]",POINT,تجمع مياه
وادي معيريك,"[[39.169886, 30.378849]]",POINT,تجمع مياه
وادي معيلة,"[[40.734944, 30.72155]]",POINT,تجمع مياه
وادي موت,"[[39.489069, 30.392625]]",POINT,تجمع مياه
وادي نجمة,"[[39.442914, 29.508612]]",POINT,تجمع مياه
ودي موت,"[[39.379892, 30.550919]]",POINT,تجمع مياه
وديان الرشيدة,"[[38.919668, 30.577998]]",POINT,تجمع مياه
وديان الرشيدة,"[[39.105384, 30.591817]]",POINT,تجمع مياه
كهف المنبطح,"[[41.611297, 30.127559]]",POINT,جبال
كهف كفيتان,"[[41.590998, 30.119791]]",POINT,جبال
كهف مضرب النجم,"[[41.638141, 30.133116]]",POINT,جبال
غار ابو صفاء,"[[41.527634, 30.13052]]",POINT,جبال
غار الرشرشيه,"[[37.294958, 31.47347]]",POINT,جبال
غار القليب,"[[41.278811, 30.117559]]",POINT,جبال
غار برثة,"[[39.609339, 29.191961]]",POINT,جبال
عبد التربه,"[[39.065752, 30.852635]]",POINT,جبال
عبد المعاصر,"[[38.304863, 30.857849]]",POINT,جبال
عبد المعي,"[[39.364529, 29.536915]]",POINT,جبال
عبد ام ذروق,"[[38.094449, 31.097081]]",POINT,جبال
ضلعان الخسيف,"[[41.516905, 30.259588]]",POINT,جبال
سمر قراقر,"[[37.697182, 31.283612]]",POINT,جبال
سمرا ابو طلحه,"[[37.472348, 31.585951]]",POINT,جبال
سمرا الهزيم,"[[37.275882, 31.503339]]",POINT,جبال
سمراء الحديثه,"[[37.268672, 31.47023]]",POINT,جبال
تلول الرحى,"[[39.220548, 30.697088]]",POINT,جبال
تلول ذريع,"[[41.459956, 29.855218]]",POINT,جبال
تلول معارك,"[[39.190958, 30.411894]]",POINT,جبال
حزم البدرية,"[[40.693145, 30.475645]]",POINT,جبال
حزم التكسير,"[[39.83325, 30.136356]]",POINT,جبال
حزم ضبع,"[[39.969893, 30.258622]]",POINT,جبال
حزوم البدرية,"[[40.659671, 30.575531]]",POINT,جبال
جبال ابو سليلات,"[[38.66503, 30.826049]]",POINT,جبال
جبال البارده,"[[39.180551, 29.306395]]",POINT,جبال
جبال الحصان,"[[37.457092, 31.54943]]",POINT,جبال
جبال الحصان,"[[39.661953, 29.252579]]",POINT,جبال
جبال الحقنه,"[[40.066581, 29.860175]]",POINT,جبال
جبال الحوصاء,"[[37.573693, 29.899549]]",POINT,جبال
جبال الحوصاء,"[[37.928882, 29.887791]]",POINT,جبال
جبال السندلة,"[[38.89924, 30.700929]]",POINT,جبال
جبال الطويل,"[[39.432185, 29.495931]]",POINT,جبال
جبال القديريه,"[[39.756904, 29.285388]]",POINT,جبال
جبال القعيدات,"[[37.800865, 31.137078]]",POINT,جبال
جبال القوايم,"[[40.201893, 30.025141]]",POINT,جبال
جبال المابية,"[[38.133974, 31.080902]]",POINT,جبال
جبال النهيدين,"[[38.528602, 30.93883]]",POINT,جبال
جبال ام العنان,"[[37.482519, 31.478534]]",POINT,جبال
جبال بريمات,"[[40.130718, 30.130541]]",POINT,جبال
جبال حلمة,"[[39.533701, 29.217474]]",POINT,جبال
جبال ربدا,"[[37.793806, 31.295779]]",POINT,جبال
جبال غريفة,"[[37.54524, 31.555245]]",POINT,جبال
جبال معارك,"[[39.138343, 30.425005]]",POINT,جبال
جبال معيريك,"[[39.321442, 30.381317]]",POINT,جبال
جبال ودي موت,"[[39.404139, 30.471954]]",POINT,جبال
جبال وعلة,"[[38.130562, 29.669287]]",POINT,جبال
جبل الثايات,"[[39.419117, 30.2845]]",POINT,جبال
جبل الحماميات,"[[39.921162, 29.913475]]",POINT,جبال
جبل الصعيدي,"[[37.495544, 31.399291]]",POINT,جبال
جبل الظليات,"[[39.654014, 29.95388]]",POINT,جبال
جبل الكربه,"[[40.92227, 29.968986]]",POINT,جبال
جبل المسما,"[[38.177576, 31.127143]]",POINT,جبال
جبل المضبعة,"[[38.378055, 31.003568]]",POINT,جبال
جبل المندسة,"[[39.735146, 29.903412]]",POINT,جبال
جبل النصبة,"[[39.535203, 30.38445]]",POINT,جبال
جبل ام الاجراس,"[[37.475867, 31.407766]]",POINT,جبال
جبل ام رقيبة,"[[39.689999, 29.35873]]",POINT,جبال
جبل ام زوير,"[[38.541584, 30.884285]]",POINT,جبال
جبل ام زوير,"[[38.608875, 30.880852]]",POINT,جبال
جبل حدران,"[[39.494905, 30.719275]]",POINT,جبال
جبل حظوظاء,"[[38.168907, 30.806694]]",POINT,جبال
جبل راف,"[[39.871273, 29.196939]]",POINT,جبال
جبل طوقة,"[[39.217715, 30.873878]]",POINT,جبال
جبل قريميز,"[[39.393389, 29.927166]]",POINT,جبال
جبل قعمر,"[[40.408337, 30.750003]]",POINT,جبال
جبل قلب الجمل,"[[39.648178, 29.317167]]",POINT,جبال
جبل قيال الصغير,"[[40.167732, 30.066147]]",POINT,جبال
جبل قيال الكبير,"[[40.167561, 30.1161]]",POINT,جبال
جبل قيالات الكبير,"[[40.085678, 30.062542]]",POINT,جبال
جبل ليلى,"[[38.696036, 30.883706]]",POINT,جبال
جبل مغيرة,"[[39.519689, 29.444904]]",POINT,جبال
جبل مقل,"[[37.575345, 31.462891]]",POINT,جبال
جبل نعيج,"[[37.930555, 31.6538]]",POINT,جبال
جبل وريك,"[[37.644997, 31.306057]]",POINT,جبال
تل البريكات,"[[37.834167, 31.678648]]",POINT,جبال
تل الذويد,"[[38.702903, 30.302439]]",POINT,جبال
تل الصبخه,"[[37.530262, 31.366224]]",POINT,جبال
تل الصبخه,"[[37.541978, 31.352491]]",POINT,جبال
تل القلتة,"[[38.489056, 30.857677]]",POINT,جبال
تل المجدر,"[[40.083189, 30.033252]]",POINT,جبال
تل المرير,"[[39.90479, 30.085931]]",POINT,جبال
تل بغيث الجنوبي,"[[37.705572, 31.559665]]",POINT,جبال
تل بغيث الشرقي,"[[37.791617, 31.564837]]",POINT,جبال
تل بغيث الشمالي,"[[37.7054, 31.608009]]",POINT,جبال
تل صماخ,"[[39.920797, 29.100873]]",POINT,جبال
تل مسحا,"[[39.407272, 30.344667]]",POINT,جبال
تل مسحة,"[[39.385257, 30.699685]]",POINT,جبال
تلال بريمات,"[[40.119839, 30.154574]]",POINT,جبال
تلال بغيث,"[[37.775159, 31.597624]]",POINT,جبال
التل الاحمر,"[[39.224281, 30.572333]]",POINT,جبال
السمراء,"[[37.302918, 31.476667]]",POINT,جبال
مفرق خب الجمل,"[[38.814526, 29.721429]]",POINT,طرق صحراوية
مساكن حجريه,"[[37.362635, 31.505227]]",POINT,مواقع اثرية
كاف,"[[37.502582, 31.39457]]",POINT,مواقع اثرية
قلعة زعبل الأثرية,"[[40.201743, 29.992976]]",POINT,مواقع اثرية
قلعة مارد,"[[39.867454, 29.811702]]",POINT,مواقع اثرية
قصر الرشرشيه,"[[37.301137, 31.45375]]",POINT,مواقع اثرية
منزل وبئر الشراري الاثري,"[[38.788133, 30.779507]]",POINT,مواقع اثرية
بئر سيسرا الأثري,"[[40.198288, 29.991839]]",POINT,مواقع اثرية
اثار ونقش الحصان,"[[37.349224, 31.501451]]",POINT,مواقع اثرية
اثار ونقش الحصان,"[[37.36094, 31.487718]]",POINT,مواقع اثرية
اثار ونقوش صوفيه,"[[37.582533, 31.461282]]",POINT,مواقع اثرية
اثار ونقوش عربيه,"[[37.567964, 31.477075]]",POINT,مواقع اثرية
أثار الرجاجيل,"[[40.21966, 29.812732]]",POINT,مواقع اثرية
غار حضرة الأثري,"[[40.11894, 29.594271]]",POINT,مواقع اثرية
منبع عين الحواسي,"[[37.620728, 31.349638]]",POINT,موارد مياه
مطق ام رضمه (بئر الروسان),"[[40.853691, 29.655061]]",POINT,موارد مياه
مارد ماء,"[[39.281723, 29.38978]]",POINT,موارد مياه
قليبات الوريك,"[[37.634525, 31.299534]]",POINT,موارد مياه
قلبان الامغر,"[[37.886074, 30.83195]]",POINT,موارد مياه
قلبان الجراوي,"[[38.768628, 30.160003]]",POINT,موارد مياه
قلبان الجربوعية,"[[37.784386, 30.949516]]",POINT,موارد مياه
قلبان العيساوية,"[[37.88161, 30.634582]]",POINT,موارد مياه
قلبان المحيضر,"[[37.70113, 30.966167]]",POINT,موارد مياه
قلبان المعاصر,"[[38.285379, 30.745153]]",POINT,موارد مياه
قلبان ام الفناجيل,"[[37.667828, 30.949516]]",POINT,موارد مياه
قلبان ام جماجم,"[[37.617702, 30.932865]]",POINT,موارد مياه
قلبان شغار,"[[38.818195, 30.093226]]",POINT,موارد مياه
قلبان عذفاء,"[[41.463089, 29.179344]]",POINT,موارد مياه
قلبان عرفجاء,"[[38.722837, 30.051556]]",POINT,موارد مياه
قلبان قراقر,"[[37.751083, 31.26606]]",POINT,موارد مياه
قليب البنات,"[[37.837257, 30.979557]]",POINT,موارد مياه
قليب الجوبة,"[[40.166616, 29.916801]]",POINT,موارد مياه
قليب الخشابية,"[[38.469679, 30.63426]]",POINT,موارد مياه
قليب الصطل,"[[37.886181, 30.898876]]",POINT,موارد مياه
قليب القدير,"[[38.191395, 30.682755]]",POINT,موارد مياه
قليب القفول,"[[37.816808, 30.950589]]",POINT,موارد مياه
قليب النصراني,"[[38.372283, 30.729017]]",POINT,موارد مياه
قليب الهرجاف,"[[38.077755, 30.677261]]",POINT,موارد مياه
قليب طيب اسم,"[[38.322201, 30.654774]]",POINT,موارد مياه
قليب عرقوب,"[[38.378871, 30.648186]]",POINT,موارد مياه
قليب مغيران,"[[38.130798, 30.675888]]",POINT,موارد مياه
عين الرقبان,"[[37.429197, 31.446476]]",POINT,موارد مياه
عيون القرقر,"[[37.538888, 31.347749]]",POINT,موارد مياه
بئر ابو مرادي,"[[41.177981, 30.34692]]",POINT,موارد مياه
بئر اطناب,"[[40.327549, 29.043217]]",POINT,موارد مياه
بئر الثميلة,"[[40.126405, 30.282354]]",POINT,موارد مياه
بئر الحصان,"[[41.627884, 30.278664]]",POINT,موارد مياه
بئر الضبيب,"[[41.554241, 30.318832]]",POINT,موارد مياه
بئر القيري,"[[41.646938, 30.058894]]",POINT,موارد مياه
بئر المابية,"[[38.106723, 31.003203]]",POINT,موارد مياه
بئر ام العبي,"[[37.765331, 31.248379]]",POINT,موارد مياه
بئر رحيه,"[[38.709383, 30.098333]]",POINT,موارد مياه
بئر شعار,"[[38.810792, 30.110307]]",POINT,موارد مياه
بئر عذفاء,"[[41.436653, 29.26157]]",POINT,موارد مياه
بئر كران,"[[41.365457, 30.384836]]",POINT,موارد مياه
ثمايل ابرق دمعه,"[[41.069298, 30.060225]]",POINT,موارد مياه
ابار ابو خرقة,"[[41.207829, 30.017223]]",POINT,موارد مياه
ابار الشقيق,"[[40.070658, 29.389114]]",POINT,موارد مياه
ابار ابو صفاة,"[[41.469162, 30.114555]]",POINT,موارد مياه
ابار البويتات,"[[41.198301, 30.023232]]",POINT,موارد مياه
ابار الجواري,"[[41.74751, 29.991753]]",POINT,موارد مياه
ابار الخفي,"[[41.271515, 30.401058]]",POINT,موارد مياه
ابار الرغيفيات,"[[40.130847, 29.341114]]",POINT,موارد مياه
ابار الزهيري,"[[40.22732, 29.319506]]",POINT,موارد مياه
ابار الصفر,"[[41.54613, 30.146635]]",POINT,موارد مياه
ابار المزبور,"[[41.218128, 30.368614]]",POINT,موارد مياه
ابار المطاوي,"[[40.11692, 30.398376]]",POINT,موارد مياه
ابار المنقوري,"[[41.570485, 30.372412]]",POINT,موارد مياه
ابار النخيلة,"[[41.312885, 30.339775]]",POINT,موارد مياه
ابار ام شويل,"[[41.341338, 30.381467]]",POINT,موارد مياه
ابار ام صويحات,"[[41.19858, 30.027587]]",POINT,موارد مياه
ابار اويسطات,"[[40.152819, 29.331715]]",POINT,موارد مياه
ابار شيبه,"[[38.546262, 30.41934]]",POINT,موارد مياه
ابار هويدي,"[[41.363697, 30.4105]]",POINT,موارد مياه
مغارة ذئاب منطقة خطرة,"[[41.257696, 29.975939]]",POINT,مواقع خطرة
غار ذئاب منطقة خطرة,"[[41.39863, 30.041943]]",POINT,مواقع خطرة
خريب ذئاب منطقة خطرة,"[[41.004324, 30.091381]]",POINT,مواقع خطرة
منطقة ذئاب خطرة,"[[41.475277, 30.150003]]",POINT,مواقع خطرة
طعس ابو اذنتين,"[[39.850416, 28.616981]]",POINT,نفود
طعس ابو راسين,"[[40.140953, 29.566612]]",POINT,نفود
طعس اطناب,"[[40.316648, 29.016781]]",POINT,نفود
طعس الدرو,"[[40.154858, 29.431343]]",POINT,نفود
طعس القحام,"[[39.954379, 29.587297]]",POINT,نفود
طعس الماكر,"[[40.459557, 29.38448]]",POINT,نفود
طعس المثلوث,"[[40.362568, 29.295559]]",POINT,نفود
طعس الناب,"[[40.031776, 29.401989]]",POINT,نفود
طعس الويميه,"[[39.989119, 28.98056]]",POINT,نفود
طعس تلال راشدة,"[[37.796659, 29.971046]]",POINT,نفود
طعس خيران,"[[40.864334, 29.056606]]",POINT,نفود
طعس سلمى,"[[41.22036, 29.158401]]",POINT,نفود
طعس سودي,"[[40.456123, 29.334698]]",POINT,نفود
طعس شومة,"[[39.480357, 29.852128]]",POINT,نفود
طعس صفوان,"[[39.694805, 29.62678]]",POINT,نفود
طعس عوفان,"[[40.704517, 29.341736]]",POINT,نفود
طعس محسن,"[[39.820375, 29.228611]]",POINT,نفود
طعس محقان,"[[40.183096, 29.200287]]",POINT,نفود
طعس محقان الحدري,"[[40.303688, 29.205265]]",POINT,نفود
طعس محقان الفوقي,"[[40.1228, 29.179752]]",POINT,نفود
طعس مخاط,"[[40.181294, 29.508419]]",POINT,نفود
طعوس اشباه الرماح,"[[41.060028, 28.847008]]",POINT,نفود
طعوس الرماح,"[[41.155643, 28.876705]]",POINT,نفود
طعوس الزمل,"[[39.364314, 28.824112]]",POINT,نفود
طعوس هدبان,"[[40.253391, 29.944117]]",POINT,نفود
طعيس الجليد,"[[40.707607, 28.909836]]",POINT,نفود
طعيس الصقرة,"[[40.366001, 29.5261]]",POINT,نفود
طعيس المسابق,"[[40.710525, 29.036865]]",POINT,نفود
طعيس الملعب,"[[38.36488, 30.436721]]",POINT,نفود
طعيس رخاء,"[[41.348591, 29.056606]]",POINT,نفود
طعيسات العقاب,"[[40.721683, 29.134541]]",POINT,نفود
طعيسات غربة,"[[41.11084, 28.851128]]",POINT,نفود
خب الجمال,"[[38.933444, 29.353859]]",POINT,نفود
خب الشنيفية,"[[41.362624, 29.025664]]",POINT,نفود
خب الصفا,"[[40.962074, 28.974509]]",POINT,نفود
خب العتيق,"[[40.643899, 29.637573]]",POINT,نفود
خب المبارق,"[[41.096485, 29.00867]]",POINT,نفود
خب المتلطمة,"[[41.219351, 28.960562]]",POINT,نفود
خب المعيزيلة,"[[38.10756, 29.779086]]",POINT,نفود
خب الناقة,"[[40.134172, 28.917904]]",POINT,نفود
خب خبيتر,"[[41.034172, 28.988478]]",POINT,نفود
نفود الغويطة,"[[39.19497, 29.665575]]",POINT,نفود
نازية ابن قاران,"[[40.376129, 29.451084]]",POINT,نفود
نازية البينة,"[[39.967017, 28.866298]]",POINT,نفود
نازية البينة,"[[39.957898, 28.649318]]",POINT,نفود
نازية التيوس,"[[40.327034, 29.379501]]",POINT,نفود
نازية التيوس,"[[40.911198, 29.127846]]",POINT,نفود
نازية الحريم,"[[41.197872, 28.98674]]",POINT,نفود
نازية الدهيمنة,"[[40.519466, 29.189472]]",POINT,نفود
نازية الذئبية,"[[40.935059, 28.919106]]",POINT,نفود
نازية الذهب,"[[40.098209, 29.32251]]",POINT,نفود
نازية الرقطاء,"[[41.254692, 28.856449]]",POINT,نفود
نازية السادة,"[[40.364456, 29.349117]]",POINT,نفود
نازية الشهباء,"[[40.590363, 29.102783]]",POINT,نفود
نازية الشويهرية,"[[40.612335, 29.484386]]",POINT,نفود
نازية الصليبخية,"[[40.82262, 29.236164]]",POINT,نفود
نازية الضبعة,"[[41.201477, 28.88134]]",POINT,نفود
نازية الطلوعية الشمالية,"[[41.074791, 29.178829]]",POINT,نفود
نازية العاذرية,"[[40.096493, 29.702568]]",POINT,نفود
نازية العسرة,"[[40.417671, 29.3256]]",POINT,نفود
نازية العمدة,"[[40.049286, 29.30088]]",POINT,نفود
نازية القصيمة,"[[40.591907, 29.231186]]",POINT,نفود
نازية المتك,"[[41.638012, 29.175568]]",POINT,نفود
نازية المدنقية,"[[40.687523, 29.190331]]",POINT,نفود
نازية المزكي,"[[41.298637, 29.157028]]",POINT,نفود
نازية المصلى,"[[40.593452, 29.668064]]",POINT,نفود
نازية المعتادية,"[[40.5023, 29.126129]]",POINT,نفود
نازية المعترضة,"[[40.7864, 29.139862]]",POINT,نفود
نازية المعيد,"[[41.422577, 29.203033]]",POINT,نفود
نازية المقرص,"[[40.998745, 28.857822]]",POINT,نفود
نازية الهملان,"[[40.666237, 29.075661]]",POINT,نفود
نازية الوطنية,"[[40.970592, 28.93919]]",POINT,نفود
نازية الوعل,"[[41.169548, 29.086132]]",POINT,نفود
نازية ام الركبان,"[[40.394325, 29.59116]]",POINT,نفود
نازية ام الريلان,"[[41.045265, 29.270325]]",POINT,نفود
نازية ام العلا,"[[41.303616, 29.173851]]",POINT,نفود
نازية ام الهشيم,"[[41.071186, 29.437695]]",POINT,نفود
نازية ام درفيل,"[[40.638943, 29.523354]]",POINT,نفود
نازية ام دمان,"[[41.43837, 29.139519]]",POINT,نفود
نازية ام رضمة,"[[40.818501, 29.641457]]",POINT,نفود
نازية ام صداة,"[[40.135975, 29.455204]]",POINT,نفود
نازية ام عنقور,"[[40.914459, 28.984165]]",POINT,نفود
نازية بلالة,"[[40.562553, 29.162521]]",POINT,نفود
نازية جزاع,"[[41.43425, 29.170246]]",POINT,نفود
نازية جفلة,"[[40.839443, 29.369373]]",POINT,نفود
نازية حسناء,"[[41.024151, 28.932838]]",POINT,نفود
نازية خرساء البرصاء,"[[40.72134, 29.494514]]",POINT,نفود
نازية خرساء ام ارطى,"[[40.815754, 29.481983]]",POINT,نفود
نازية خرساء ام غضى,"[[40.766659, 29.451942]]",POINT,نفود
نازية خريسان,"[[40.757389, 29.548244]]",POINT,نفود
نازية خلف,"[[41.023636, 29.207153]]",POINT,نفود
نازية داغش,"[[40.82777, 29.348087]]",POINT,نفود
نازية دايس,"[[41.138992, 29.281139]]",POINT,نفود
نازية درعاء ام ثور,"[[40.579205, 29.390316]]",POINT,نفود
نازية درعاء ام غضى,"[[40.619888, 29.403362]]",POINT,نفود
نازية شبه الوعل,"[[41.042519, 29.048023]]",POINT,نفود
نازية عذيفاء,"[[41.514416, 29.16441]]",POINT,نفود
نازية عنقاء,"[[41.080971, 28.911209]]",POINT,نفود
نازية فيضة,"[[41.148949, 28.942451]]",POINT,نفود
نازية وعيلة,"[[41.294517, 29.117546]]",POINT,نفود
نازية وعيلة الحريم,"[[41.233578, 28.985367]]",POINT,نفود
نفود سكاكا,"[[40.259056, 29.915514]]",POINT,نفود
نفود قارا,"[[40.259228, 29.859917]]",POINT,نفود
نفود هديب,"[[40.360529, 30.01173]]",POINT,نفود
نوازي الصفوقيات,"[[40.635681, 29.070168]]",POINT,نفود
نوازي الطرائف,"[[41.323872, 28.897305]]",POINT,نفود
نوازي الطلوعيات القبليات,"[[41.057796, 29.15823]]",POINT,نفود
نوازي الكعيد,"[[40.894546, 29.040298]]",POINT,نفود
نوازي المعترضات,"[[40.224895, 29.605751]]",POINT,نفود
نوازي المعيزيلات,"[[40.725546, 29.697762]]",POINT,نفود
نوازي المنور,"[[41.297779, 28.864517]]",POINT,نفود
نوازي النمليات,"[[39.663048, 28.851686]]",POINT,نفود
نوازي حسن,"[[40.340424, 29.600258]]",POINT,نفود
نوازي خمس الحفر,"[[40.849571, 28.921165]]",POINT,نفود
نوازي خمس الحفر,"[[41.015353, 28.955219]]",POINT,نفود
نوازي خمس الشقيق,"[[40.689411, 28.971977]]",POINT,نفود
نوازي منيفات,"[[40.913773, 29.387741]]",POINT,نفود
